title,ticker_id,published_at,url,article_id,created_at
lear declares quarterly cash dividend,869,2025-11-20 21:15:19.085835,https://finviz.com/news/235472/lear-declares-quarterly-cash-dividend,,
isabella bank corporation announces fourth quarter 2025 dividend,870,2025-11-20 21:15:19.117994,https://finviz.com/news/235473/isabella-bank-corporation-announces-fourth-quarter-2025-dividend,,
keycorp declares quarterly cash dividend on common shares and preferred stocks,811,2025-11-20 21:15:19.132320,https://finviz.com/news/235474/keycorp-declares-quarterly-cash-dividend-on-common-shares-and-preferred-stocks,,
darden restaurants to host fiscal 2026 second quarter conference call on december 18,871,2025-11-20 21:15:19.138487,https://finviz.com/news/235475/darden-restaurants-to-host-fiscal-2026-second-quarter-conference-call-on-december-18,,
carrier to present at goldman sachs 2025 industrials and materials conference,872,2025-11-20 21:15:19.149603,https://finviz.com/news/235476/carrier-to-present-at-goldman-sachs-2025-industrials-and-materials-conference,,
matthews international reports results for fourth quarter and fiscal year ended september 30 2025,746,2025-11-20 21:15:19.162794,https://finviz.com/news/235477/matthews-international-reports-results-for-fourth-quarter-and-fiscal-year-ended-september-30-2025,,
gap inc reports third quarter fiscal 2025 results raises full year outlook for operating margin,873,2025-11-20 21:15:19.168225,https://finviz.com/news/235478/gap-inc-reports-third-quarter-fiscal-2025-results-raises-full-year-outlook-for-operating-margin,,
kroger announces third quarter conference call with investors,452,2025-11-20 21:15:19.179331,https://finviz.com/news/235479/kroger-announces-third-quarter-conference-call-with-investors,,
wabash announces quarterly dividend,874,2025-11-20 21:15:19.184425,https://finviz.com/news/235480/wabash-announces-quarterly-dividend,,
american coastal insurance corporation to participate in upcoming conferences,875,2025-11-20 21:15:19.195549,https://finviz.com/news/235481/american-coastal-insurance-corporation-to-participate-in-upcoming-conferences,,
dillards inc announces special dividend of 3000 per share and quarterly cash dividend of 030 per share,876,2025-11-20 21:15:19.206662,https://finviz.com/news/235482/dillards-inc-announces-special-dividend-of-3000-per-share-and-quarterly-cash-dividend-of-030-per-share,,
stifel reports october 2025 operating data,877,2025-11-20 21:15:19.216395,https://finviz.com/news/235483/stifel-reports-october-2025-operating-data,,
hawaii water service proposes first rate adjustment for kapalua since 2021 reflects investments made to help improve reliability and maintain safe utility service,878,2025-11-20 21:15:19.228066,https://finviz.com/news/235485/hawaii-water-service-proposes-first-rate-adjustment-for-kapalua-since-2021-reflects-investments-made-to-help-improve-reliability-and-maintain-safe-utility-service,,
esco reports fourth quarter and fiscal 2025 results,879,2025-11-20 21:15:19.244783,https://finviz.com/news/235486/esco-reports-fourth-quarter-and-fiscal-2025-results,,
mfa financial inc announces fourth quarter dividends on series b preferred stock and series c preferred stock,880,2025-11-20 21:15:19.256507,https://www.businesswire.com/news/home/20251117243961/en,,
nike inc declares 041 quarterly dividend,155,2025-11-20 21:15:19.266678,https://www.businesswire.com/news/home/20251120552717/en,,
copart reports first quarter fiscal 2026 financial results,881,2025-11-20 21:15:19.272519,https://www.businesswire.com/news/home/20251120811507/en,,
ugi declares common dividend,882,2025-11-20 21:15:19.284726,https://www.businesswire.com/news/home/20251120876546/en,,
state street investment management announces share splits for five select sector spdr etfs,74,2025-11-20 21:15:19.298745,https://www.businesswire.com/news/home/20251120957218/en,,
wells fargo names saul van beurden to lead artificial intelligence kleber santos to expand responsibilities and serve as coceo of consumer banking and lending with van beurden,254,2025-11-20 21:15:19.306678,https://www.businesswire.com/news/home/20251120971693/en/Exterior,,
intuit fiscal q1 earnings snapshot,603,2025-11-20 21:12:19.315321,https://finance.yahoo.com/news/intuit-fiscal-q1-earnings-snapshot-211149061.html,,
nasdaq drops over 2 us stocks reverse to erase thursday gains,9,2025-11-20 21:08:19.349068,https://finance.yahoo.com/video/nasdaq-drops-over-2-us-210736092.html,,
ai bubble fears return as wall street falls back from shortlived rally,9,2025-11-20 21:05:19.400182,https://finance.yahoo.com/news/ai-bubble-fears-return-wall-210421388.html,,
private credit becomes core as jpmorgan rethinks 6040 model,85,2025-11-20 21:02:19.413022,https://finance.yahoo.com/m/09d877b7-cb3f-3ea6-9221-ad25559524cf/private-credit-becomes-core.html,,
everest announces chief financial officer transition,615,2025-11-20 21:15:52.809403,https://www.businesswire.com/news/home/20251120287089/en,,
ross stores fiscal q3 earnings snapshot,835,2025-11-20 21:10:52.860930,https://finance.yahoo.com/news/ross-stores-fiscal-q3-earnings-211000395.html,,
nvidia says theres no ai bubble investors agree  for now,9,2025-11-20 21:10:52.878401,https://finance.yahoo.com/m/868f762f-3620-3805-b838-49e0ff9f90da/nvidia-says-there%E2%80%99s-no-ai.html,,
tfs financial corporation declares dividend,883,2025-11-20 21:20:19.801894,https://www.businesswire.com/news/home/20251120835631/en/Chairman,,
archrock publishes its 2024 annual sustainability report,884,2025-11-20 21:18:19.843660,https://finviz.com/news/235487/archrock-publishes-its-2024-annual-sustainability-report,,
citi announces cfo transition plans and changes to us personal banking business,115,2025-11-20 21:18:19.856174,https://www.businesswire.com/news/home/20251120122616/en,,
how major us stock indexes fared thursday 11202025,9,2025-11-20 21:16:19.865075,https://finance.yahoo.com/news/major-us-stock-indexes-fared-211608069.html,,
element solutions inc declares q4 dividend of 008 per share,825,2025-11-20 21:15:19.897253,https://www.businesswire.com/news/home/20251118401852/en,,
molina healthcare announces closing of offering of 850 million of 6500 senior notes due 2031,885,2025-11-20 21:15:19.900752,https://www.businesswire.com/news/home/20251119230647/en,,
stratus properties inc completes sale of lantana place retail for 575 million,886,2025-11-20 21:15:19.914275,https://www.businesswire.com/news/home/20251120388225/en,,
exact sciences catapults on 23 billion abbott labs buyout,429,2025-11-20 21:11:19.952142,https://finance.yahoo.com/m/d715850b-14f1-3a28-bdc5-b0dc94eaaa0d/exact-sciences-catapults-on.html,,
unity bancorp inc announces executive leadership promotions,846,2025-11-20 21:23:19.636816,https://finviz.com/news/235490/unity-bancorp-inc-announces-executive-leadership-promotions,,
intuit firstquarter sales jump cfo cites ai demand from midsized businesses,603,2025-11-20 21:22:19.649908,https://www.wsj.com/business/earnings/intuit-first-quarter-sales-jump-cfo-cites-ai-demand-from-mid-sized-businesses-77007e68?mod=wsj_FV,,
intuit rings up betterthanexpected results but outlook mixed,603,2025-11-20 21:20:19.660608,https://www.investors.com/news/technology/intuit-stock-intu-fiscal-q1-2026-earnings?mod=IBD_FV,,
quanterix announces board and leadership changes to support next stage of growth,737,2025-11-20 21:15:19.704649,https://www.businesswire.com/news/home/20251120035720/en,,
nvidia says theres no ai bubble investors agree for now,9,2025-11-20 21:14:19.718792,https://qz.com/nvidia-ai-bubble-risk-jensen-huang-buildout,,
intuit nasdaqintu exceeds q3 cy2025 expectations,603,2025-11-20 21:13:19.724360,https://finviz.com/news/235489/intuit-nasdaq-intu-exceeds-q3-cy2025-expectations,,
stonegate capital partners updates coverage on seabridge gold inc sa 3q25,887,2025-11-20 21:24:44.529127,https://www.newsfilecorp.com/release/275376/Stonegate-Capital-Partners-Updates-Coverage-on-Seabridge-Gold-Inc.-SA-3Q25,,
tfs financial corporation declares dividend,883,2025-11-20 21:20:00.219309,https://www.businesswire.com/news/home/20251120835631/en,,
us stocks reverse gains 3 things pressuring markets,9,2025-11-20 20:47:11.535508,https://finance.yahoo.com/video/us-stocks-reverse-gains-3-204711321.html,,
second large fire at ford aluminum supplier threatens production,265,2025-11-20 19:58:11.614250,https://finance.yahoo.com/m/09396b37-3487-343a-8532-46e58d4184cf/second-large-fire-at-ford.html,,
ibm cisco partner on quantum computing ibm stock gains despite retreat for ai stock rally,162,2025-11-20 20:54:11.237845,https://finance.yahoo.com/m/76a876a7-db23-3891-b8fb-de6440da91d1/ibm%2C-cisco-partner-on-quantum.html,,
air cargo faces 1bn overhaul to comply with new cbp rule,253,2025-11-20 20:52:11.246225,https://finance.yahoo.com/news/air-cargo-faces-1bn-overhaul-205122053.html,,
heres why stocks have given up their gains,9,2025-11-20 20:17:11.289437,https://finance.yahoo.com/m/8766778c-1c3a-34ce-a540-7b003af13970/here%E2%80%99s-why-stocks-have-given.html,,
cracker barrel investors vote to keep on ceo but send message of discontent,827,2025-11-20 20:04:11.321667,https://finance.yahoo.com/m/a271d325-3a89-3fc6-a32f-b6c3adf4ee4c/cracker-barrel-investors-vote.html,,
primerica concert allocation series of fund portfolio adviser changes,828,2025-11-20 21:00:11.257788,https://www.businesswire.com/news/home/20251120903974/en,,
tesla stock pops then drops its an ai play again,13,2025-11-20 20:02:11.402244,https://finance.yahoo.com/m/ffbc5c88-31ec-31fc-af0e-db3f1c41c63e/tesla-stock-pops-then-drops..html,,
stock market today dow sp 500 nasdaq slide out gains as nvidia tech stocks lead sharp reversal lower,9,2025-11-20 21:02:11.149811,https://finance.yahoo.com/news/live/stock-market-today-dow-sp-500-nasdaq-slide-out-gains-as-nvidia-tech-stocks-lead-sharp-reversal-lower-210131763.html,,
american healthcare reit announces public offering of common stock,829,2025-11-20 21:01:11.167095,https://finviz.com/news/235433/american-healthcare-reit-announces-public-offering-of-common-stock,,
stepan company completes sale of philippine assets advancing strategic focus on core growth,830,2025-11-20 21:01:11.183516,https://finviz.com/news/235434/stepan-company-completes-sale-of-philippine-assets-advancing-strategic-focus-on-core-growth,,
indivior concludes legacy us department of justice matter,831,2025-11-20 21:01:11.195395,https://finviz.com/news/235435/indivior-concludes-legacy-us-department-of-justice-matter,,
sp global launches wso compliance insights to streamline credit risk management,832,2025-11-20 21:01:11.205486,https://finviz.com/news/235436/sp-global-launches-wso-compliance-insights-to-streamline-credit-risk-management,,
cognition therapeutics to participate in 37th annual piper sandler healthcare conference,833,2025-11-20 21:01:11.217083,https://finviz.com/news/235438/cognition-therapeutics-to-participate-in-37th-annual-piper-sandler-healthcare-conference,,
keros therapeutics announces final results of tender offer,834,2025-11-20 21:01:11.227804,https://finviz.com/news/235439/keros-therapeutics-announces-final-results-of-tender-offer,,
inhibikase therapeutics advancing ikt001 to global phase 3 study in pulmonary arterial hypertension,527,2025-11-20 21:01:11.237628,https://finviz.com/news/235442/inhibikase-therapeutics-advancing-ikt-001-to-global-phase-3-study-in-pulmonary-arterial-hypertension,,
ross stores exceeds third quarter earnings guidance raises full year outlook,835,2025-11-20 21:01:11.242884,https://www.businesswire.com/news/home/20251120111650/en,,
omnicell to present at the piper sandler 37th annual healthcare conference,836,2025-11-20 21:01:11.262745,https://www.businesswire.com/news/home/20251120425569/en,,
delcath systems board of directors authorizes 25 million share repurchase program,531,2025-11-20 21:01:11.278564,https://www.businesswire.com/news/home/20251120794521/en,,
intuit reports strong firstquarter results and reiterates fullyear guidance,603,2025-11-20 21:00:11.286224,https://www.businesswire.com/news/home/20251120052286/en,,
corsair announces cfo transition as part of longterm growth strategy,837,2025-11-20 21:00:11.297781,https://www.businesswire.com/news/home/20251120925716/en,,
cvs health names david joyner chair of the board of directors,838,2025-11-20 21:05:11.263368,https://finviz.com/news/235446/cvs-health-names-david-joyner-chair-of-the-board-of-directors,,
veeva announces fiscal 2026 third quarter results,839,2025-11-20 21:05:11.289500,https://finviz.com/news/235447/veeva-announces-fiscal-2026-third-quarter-results,,
zumiez inc to report fiscal 2025 third quarter results,840,2025-11-20 21:05:11.304256,https://finviz.com/news/235448/zumiez-inc-to-report-fiscal-2025-third-quarter-results,,
madrigal pharmaceuticals announces grants of inducement awards under nasdaq listing rule 5635c4,841,2025-11-20 21:05:11.317064,https://finviz.com/news/235449/madrigal-pharmaceuticals-announces-grants-of-inducement-awards-under-nasdaq-listing-rule-5635c4,,
lpl financial reports monthly activity for october 2025,400,2025-11-20 21:05:11.332511,https://finviz.com/news/235451/lpl-financial-reports-monthly-activity-for-october-2025,,
pyxis tankers announces financial results for the three months ended september 30 2025,842,2025-11-20 21:05:11.346772,https://finviz.com/news/235452/pyxis-tankers-announces-financial-results-for-the-three-months-ended-september-30-2025,,
crinetics announces first patient randomized in pivotal phase 3 carefndr trial evaluating paltusotine in carcinoid syndrome,843,2025-11-20 21:05:11.361460,https://finviz.com/news/235453/crinetics-announces-first-patient-randomized-in-pivotal-phase-3-carefndr-trial-evaluating-paltusotine-in-carcinoid-syndrome,,
mdb capital holdings provides third quarter 2025 update,844,2025-11-20 21:05:11.375027,https://finviz.com/news/235454/mdb-capital-holdings-provides-third-quarter-2025-update,,
epsilon announces the issuance of contingent shares as consideration for the acquisition of peak blm lease llc,503,2025-11-20 21:05:11.389344,https://finviz.com/news/235455/epsilon-announces-the-issuance-of-contingent-shares-as-consideration-for-the-acquisition-of-peak-blm-lease-llc,,
ncs multistage holdings inc to present at the sidoti year end virtual investor conference,845,2025-11-20 21:05:11.397645,https://finviz.com/news/235457/ncs-multistage-holdings-inc-to-present-at-the-sidoti-year-end-virtual-investor-conference,,
unity bancorp announces fourth quarter dividend,846,2025-11-20 21:05:11.412043,https://finviz.com/news/235458/unity-bancorp-announces-fourth-quarter-dividend,,
senmiao technology limited closes 28 million registered direct offering,847,2025-11-20 21:05:11.427354,https://finviz.com/news/235459/senmiao-technology-limited-closes-28-million-registered-direct-offering,,
smith  wesson brands inc second quarter fiscal 2026 financial release and conference call alert,848,2025-11-20 21:05:11.443431,https://www.newsfilecorp.com/release/275166/Smith-Wesson-Brands-Inc.-Second-Quarter-Fiscal-2026-Financial-Release-and-Conference-Call-Alert,,
intuit earnings beat estimates as company leans into ai strategy,603,2025-11-20 21:04:11.457498,https://www.barrons.com/articles/intuit-earnings-stock-price-4645de3b?mod=bar_FV,,
procept biorobotics to present at upcoming 37th annual piper sandler  healthcare conference on december 2 2025,849,2025-11-20 21:03:11.463966,https://finviz.com/news/235444/procept-biorobotics-to-present-at-upcoming-37th-annual-piper-sandler-healthcare-conference-on-december-2-2025,,
mortgage rates tick up but still near lowest point in a year,626,2025-11-20 20:58:11.518749,https://finance.yahoo.com/video/mortgage-rates-tick-still-near-205731165.html,,
do options traders know something about dpz stock we dont,295,2025-11-20 20:08:11.592263,https://finviz.com/news/235445/do-options-traders-know-something-about-dpz-stock-we-dont,,
nvidia stock wavers after q3 earnings forecasts top estimates with sales for ai chips off the charts,9,2025-11-20 21:07:11.411362,https://finance.yahoo.com/news/nvidia-stock-wavers-after-q3-earnings-forecasts-top-estimates-with-sales-for-ai-chips-off-the-charts-153409102.html,,
ge healthcare to acquire intelerad advancing cloudenabled enterprise imaging across care settings,95,2025-11-20 21:05:11.460687,https://www.businesswire.com/news/home/20251120042915/en,,
asgn incorporated announces plan to transition to everforth,850,2025-11-20 21:05:11.467397,https://www.businesswire.com/news/home/20251120119548/en,,
belden declares quarterly dividend,851,2025-11-20 21:05:11.488598,https://www.businesswire.com/news/home/20251120138799/en,,
hyperfine inc to participate in upcoming piper sandler 37th annual healthcare conference,852,2025-11-20 21:05:11.499255,https://www.businesswire.com/news/home/20251120147545/en,,
gitlab chief executive officer bill staples and gitlab interim chief financial officer james shen to present at the ubs global technology and ai conference,853,2025-11-20 21:05:11.509897,https://www.businesswire.com/news/home/20251120333012/en,,
buildabear workshop to announce third quarter fiscal 2025 results and host investor conference call on december 4 2025,854,2025-11-20 21:05:11.521977,https://www.businesswire.com/news/home/20251120484551/en,,
ulta beauty to report third quarter fiscal 2025 results on december 4 2025,855,2025-11-20 21:05:11.533442,https://www.businesswire.com/news/home/20251120525854/en,,
oncolytics biotech provides update on special meeting of shareholders,856,2025-11-20 21:05:11.542922,https://www.businesswire.com/news/home/20251120748929/en,,
contineum therapeutics reports topline data from its phase 2 pipe307 vista trial for the treatment of relapsingremitting multiple sclerosis rrms,857,2025-11-20 21:05:11.553891,https://www.businesswire.com/news/home/20251120828592/en,,
keysight announces new board member,302,2025-11-20 21:05:11.564301,https://www.businesswire.com/news/home/20251120847319/en,,
acadia pharmaceuticals to participate in citis 2025 global healthcare conference,858,2025-11-20 21:05:11.569690,https://www.businesswire.com/news/home/20251120902620/en,,
savara announces participation in upcoming investor healthcare conferences,859,2025-11-20 21:05:11.580283,https://www.businesswire.com/news/home/20251120941519/en,,
kimberlyclark declares quarterly dividend,268,2025-11-20 21:10:18.664352,https://finviz.com/news/235463/kimberly-clark-declares-quarterly-dividend,,
natural grocers by vitamin cottage announces fiscal 2025 fourth quarter and full year results,816,2025-11-20 21:10:18.680025,https://finviz.com/news/235464/natural-grocers-by-vitamin-cottage-announces-fiscal-2025-fourth-quarter-and-full-year-results,,
the home depot declares quarterly dividend of 230,392,2025-11-20 21:10:18.685398,https://finviz.com/news/235465/the-home-depot-declares-quarterly-dividend-of-230,,
retirees dont get carried away by nvidia do this instead,9,2025-11-20 21:08:18.690495,https://www.barrons.com/articles/stock-market-selloff-retirement-planning-38c4b07e?mod=bar_FV,,
starbucks union escalates strike across the us,267,2025-11-20 21:08:18.696248,https://www.youtube.com/shorts/7z7sBcL1hW4,,
nvidia stock slides after q3 earnings forecasts top estimates with sales for ai chips off the charts,8,2025-11-20 21:08:18.703033,https://finance.yahoo.com/news/nvidia-stock-slides-after-q3-earnings-forecasts-top-estimates-with-sales-for-ai-chips-off-the-charts-210758368.html,,
intuit expects quarterly revenue growth above estimates on strong financial tools demand,603,2025-11-20 21:03:18.767014,https://finance.yahoo.com/news/intuit-expects-quarterly-revenue-growth-210310447.html,,
natural grocers by vitamin cottage inc declares quarterly dividend,816,2025-11-20 21:11:02.809105,https://finviz.com/news/235468/natural-grocers-by-vitamin-cottage-inc-declares-quarterly-dividend,,
bny mellon high yield strategies fund declares dividend,861,2025-11-20 21:11:02.822991,https://www.businesswire.com/news/home/20251120458209/en,,
first trust high yield opportunities 2027 term fund declares its monthly common share distribution of 0125 per share for december,862,2025-11-20 21:10:02.851217,https://www.businesswire.com/news/home/20251120351551/en,,
first trust intermediate duration preferred  income fund declares its monthly common share distribution of 01375 per share for december,863,2025-11-20 21:10:02.867476,https://www.businesswire.com/news/home/20251120430645/en,,
first trust senior floating rate income fund ii declares its monthly common share distribution of 0097 per share for december,864,2025-11-20 21:10:02.881424,https://www.businesswire.com/news/home/20251120864388/en,,
first trust mortgage income fund declares its monthly common share distribution of 0065 per share for december,865,2025-11-20 21:10:02.897013,https://www.businesswire.com/news/home/20251120882022/en,,
inhibikase therapeutics announces proposed public offering of common stock and prefunded warrants,527,2025-11-20 21:12:03.485566,https://finviz.com/news/235471/inhibikase-therapeutics-announces-proposed-public-offering-of-common-stock-and-pre-funded-warrants,,
sportsmans warehouse holdings inc schedules third quarter 2025 earnings conference call,867,2025-11-20 21:10:03.584115,https://finviz.com/news/235470/sportsmans-warehouse-holdings-inc-schedules-third-quarter-2025-earnings-conference-call,,
espn secures mlb streaming mlbtv rights netflix wins home run derby,20,2025-11-20 21:09:03.608931,https://finance.yahoo.com/m/df5e4796-881b-3887-b12f-19a11a0af86d/espn-secures-mlb-streaming%2C.html,,
starlab developer of commercial space stations secures strategic investment from janus henderson,868,2025-11-20 21:05:03.658890,https://www.businesswire.com/news/home/20251120090761/en,,
nvidia rival makes quantum leap  then ai mood sours,40,2025-11-20 21:02:03.719384,https://finance.yahoo.com/m/65326ae8-05be-31a8-97db-43d794f3f93a/nvidia-rival-makes-quantum.html,,
