id,ticker_id,article_id,price,pct_change,created_at,interval,relative_volume
13858,564,3614,8.300000190734863,-3.6004585168824175,2025-12-13 20:01:07.402109+00:00,since_open,0.8442637411999055
13859,564,3614,8.3100004196167,0.12048468255457401,2025-12-13 20:01:07.402109+00:00,1h,0.8442637411999055
13860,564,3614,8.3100004196167,0.12048468255457401,2025-12-13 20:01:07.402109+00:00,4h,0.8442637411999055
13861,564,3614,8.300000190734863,0.0,2025-12-13 20:01:07.402109+00:00,EOD,0.8442637411999055
13862,172,3625,316.7200012207031,1.9933669744434814,2025-12-13 20:01:08.650361+00:00,since_open,1.089204047759493
13863,172,3625,316.7200012207031,0.0,2025-12-13 20:01:08.650361+00:00,1h,1.089204047759493
13864,172,3625,316.7200012207031,0.0,2025-12-13 20:01:08.650361+00:00,4h,1.089204047759493
13865,172,3625,316.7200012207031,0.0,2025-12-13 20:01:08.650361+00:00,EOD,1.089204047759493
13866,127,3624,149.99000549316406,-0.767441912114621,2025-12-13 20:01:09.944002+00:00,since_open,0.6475883911060438
13867,127,3624,149.97999572753906,-0.006673621747054477,2025-12-13 20:01:09.944002+00:00,1h,0.6475883911060438
13868,127,3624,149.97999572753906,-0.006673621747054477,2025-12-13 20:01:09.944002+00:00,4h,0.6475883911060438
13869,127,3624,149.99000549316406,0.0,2025-12-13 20:01:09.944002+00:00,EOD,0.6475883911060438
13870,85,3623,318.5199890136719,-0.36286401673120916,2025-12-13 20:01:11.176303+00:00,since_open,0.9156040058240249
13871,85,3623,318.6099853515625,0.028254533779593367,2025-12-13 20:01:11.176303+00:00,1h,0.9156040058240249
13872,85,3623,318.6099853515625,0.028254533779593367,2025-12-13 20:01:11.176303+00:00,4h,0.9156040058240249
13873,85,3623,318.5199890136719,0.0,2025-12-13 20:01:11.176303+00:00,EOD,0.9156040058240249
13874,33,3622,85.11000061035156,-0.4561396370157164,2025-12-13 20:01:12.373965+00:00,since_open,0.7521252204019955
13875,33,3622,85.125,0.017623533710341893,2025-12-13 20:01:12.373965+00:00,1h,0.7521252204019955
13876,33,3622,85.125,0.017623533710341893,2025-12-13 20:01:12.373965+00:00,4h,0.7521252204019955
13877,33,3622,85.11000061035156,0.0,2025-12-13 20:01:12.373965+00:00,EOD,0.7521252204019955
13878,1450,3621,43.84000015258789,-0.5670219984912522,2025-12-13 20:01:13.601954+00:00,since_open,0.47835202387005193
13879,1450,3621,43.845001220703125,0.011407545843585404,2025-12-13 20:01:13.601954+00:00,1h,0.47835202387005193
13880,1450,3621,43.845001220703125,0.011407545843585404,2025-12-13 20:01:13.601954+00:00,4h,0.47835202387005193
13881,1450,3621,43.84000015258789,0.0,2025-12-13 20:01:13.601954+00:00,EOD,0.47835202387005193
13882,144,3620,223.32000732421875,-0.16317153066083107,2025-12-13 20:01:14.817533+00:00,since_open,0.9644688171336737
13883,144,3620,223.3300018310547,0.004475419357042807,2025-12-13 20:01:14.817533+00:00,1h,0.9644688171336737
13884,144,3620,223.3300018310547,0.004475419357042807,2025-12-13 20:01:14.817533+00:00,4h,0.9644688171336737
13885,144,3620,223.32000732421875,0.0,2025-12-13 20:01:14.817533+00:00,EOD,0.9644688171336737
13886,600,3619,4.400000095367432,-1.5659887720311845,2025-12-13 20:01:16.041350+00:00,since_open,0.7501824222796876
13887,600,3619,4.409999847412109,0.22726708699861253,2025-12-13 20:01:16.041350+00:00,1h,0.7501824222796876
13888,600,3619,4.409999847412109,0.22726708699861253,2025-12-13 20:01:16.041350+00:00,4h,0.7501824222796876
13889,600,3619,4.400000095367432,0.0,2025-12-13 20:01:16.041350+00:00,EOD,0.7501824222796876
13890,130,3618,1.090000033378601,-6.837600567558505,2025-12-13 20:01:17.224870+00:00,since_open,0.4318838313893487
13891,130,3618,1.0999000072479248,0.90825445561111,2025-12-13 20:01:17.224870+00:00,1h,0.4318838313893487
13892,130,3618,1.0999000072479248,0.90825445561111,2025-12-13 20:01:17.224870+00:00,4h,0.4318838313893487
13893,130,3618,1.090000033378601,0.0,2025-12-13 20:01:17.224870+00:00,EOD,0.4318838313893487
13894,471,3617,27.229999542236328,-1.161523425357311,2025-12-13 20:01:18.393465+00:00,since_open,0.6956992447709406
13895,471,3617,27.229999542236328,0.0,2025-12-13 20:01:18.393465+00:00,1h,0.6956992447709406
13896,471,3617,27.229999542236328,0.0,2025-12-13 20:01:18.393465+00:00,4h,0.6956992447709406
13897,471,3617,27.229999542236328,0.0,2025-12-13 20:01:18.393465+00:00,EOD,0.6956992447709406
13898,1372,3616,2015.8900146484375,0.06900047894949118,2025-12-13 20:01:19.620173+00:00,since_open,0.681296201294563
13899,1372,3616,2015.5699462890625,-0.01587727291911898,2025-12-13 20:01:19.620173+00:00,1h,0.681296201294563
13900,1372,3616,2015.5699462890625,-0.01587727291911898,2025-12-13 20:01:19.620173+00:00,4h,0.681296201294563
13901,1372,3616,2015.8900146484375,0.0,2025-12-13 20:01:19.620173+00:00,EOD,0.681296201294563
13902,21,3615,120.69999694824219,0.15765895663742435,2025-12-13 20:01:20.802739+00:00,since_open,0.6363907436418945
13903,21,3615,120.69999694824219,0.0,2025-12-13 20:01:20.802739+00:00,1h,0.6363907436418945
13904,21,3615,120.69999694824219,0.0,2025-12-13 20:01:20.802739+00:00,4h,0.6363907436418945
13905,21,3615,120.69999694824219,0.0,2025-12-13 20:01:20.802739+00:00,EOD,0.6363907436418945
13906,253,3637,226.19000244140625,-1.6650733674963387,2025-12-13 20:01:21.990067+00:00,since_open,0.6603861928847993
13907,253,3637,226.19000244140625,0.0,2025-12-13 20:01:21.990067+00:00,1h,0.6603861928847993
13908,253,3637,226.19000244140625,0.0,2025-12-13 20:01:21.990067+00:00,4h,0.6603861928847993
13909,253,3637,226.19000244140625,0.0,2025-12-13 20:01:21.990067+00:00,EOD,0.6603861928847993
13910,8,3636,644.22998046875,-0.9197092173023647,2025-12-13 20:01:23.245359+00:00,since_open,0.5677998839319247
13911,8,3636,644.239990234375,0.0015537565665163186,2025-12-13 20:01:23.245359+00:00,1h,0.5677998839319247
13912,8,3636,644.239990234375,0.0015537565665163186,2025-12-13 20:01:23.245359+00:00,4h,0.5677998839319247
13913,8,3636,644.22998046875,0.0,2025-12-13 20:01:23.245359+00:00,EOD,0.5677998839319247
13914,16,3635,189.97000122070312,-3.259150611408356,2025-12-13 20:01:24.457433+00:00,since_open,1.7859386327482245
13915,16,3635,189.80999755859375,-0.08422575200359457,2025-12-13 20:01:24.457433+00:00,1h,1.7859386327482245
13916,16,3635,189.80999755859375,-0.08422575200359457,2025-12-13 20:01:24.457433+00:00,4h,1.7859386327482245
13917,16,3635,189.97000122070312,0.0,2025-12-13 20:01:24.457433+00:00,EOD,1.7859386327482245
13918,342,3634,227.49000549316406,1.1471263123230035,2025-12-13 20:01:25.710370+00:00,since_open,0.5278965829391097
13919,342,3634,227.60000610351562,0.04835404092285186,2025-12-13 20:01:25.710370+00:00,1h,0.5278965829391097
13920,342,3634,227.60000610351562,0.04835404092285186,2025-12-13 20:01:25.710370+00:00,4h,0.5278965829391097
13921,342,3634,227.49000549316406,0.0,2025-12-13 20:01:25.710370+00:00,EOD,0.5278965829391097
13922,571,3633,12.050000190734863,-4.705419102325894,2025-12-13 20:01:26.930203+00:00,since_open,0.5327431030334414
13923,571,3633,12.050000190734863,0.0,2025-12-13 20:01:26.930203+00:00,1h,0.5327431030334414
13924,571,3633,12.050000190734863,0.0,2025-12-13 20:01:26.930203+00:00,4h,0.5327431030334414
13925,571,3633,12.050000190734863,0.0,2025-12-13 20:01:26.930203+00:00,EOD,0.5327431030334414
13926,162,3632,77.80000305175781,-2.0767702452641577,2025-12-13 20:01:28.100230+00:00,since_open,0.8308523843115582
13927,162,3632,77.81500244140625,0.019279420385702163,2025-12-13 20:01:28.100230+00:00,1h,0.8308523843115582
13928,162,3632,77.81500244140625,0.019279420385702163,2025-12-13 20:01:28.100230+00:00,4h,0.8308523843115582
13929,162,3632,77.80000305175781,0.0,2025-12-13 20:01:28.100230+00:00,EOD,0.8308523843115582
13930,85,3631,318.5199890136719,-0.36286401673120916,2025-12-13 20:01:29.328209+00:00,since_open,0.9156040058240249
13931,85,3631,318.6099853515625,0.028254533779593367,2025-12-13 20:01:29.328209+00:00,1h,0.9156040058240249
13932,85,3631,318.6099853515625,0.028254533779593367,2025-12-13 20:01:29.328209+00:00,4h,0.9156040058240249
13933,85,3631,318.5199890136719,0.0,2025-12-13 20:01:29.328209+00:00,EOD,0.9156040058240249
13934,6,3630,116.69999694824219,1.249344772967929,2025-12-13 20:01:30.644667+00:00,since_open,0.7638319869672419
13935,6,3630,116.69999694824219,0.0,2025-12-13 20:01:30.644667+00:00,1h,0.7638319869672419
13936,6,3630,116.69999694824219,0.0,2025-12-13 20:01:30.644667+00:00,4h,0.7638319869672419
13937,6,3630,116.69999694824219,0.0,2025-12-13 20:01:30.644667+00:00,EOD,0.7638319869672419
13938,401,3629,204.3800048828125,1.0781443953870764,2025-12-13 20:01:31.981651+00:00,since_open,0.7061356586496361
13939,401,3629,204.39999389648438,0.009780317640826122,2025-12-13 20:01:31.981651+00:00,1h,0.7061356586496361
13940,401,3629,204.39999389648438,0.009780317640826122,2025-12-13 20:01:31.981651+00:00,4h,0.7061356586496361
13941,401,3629,204.3800048828125,0.0,2025-12-13 20:01:31.981651+00:00,EOD,0.7061356586496361
13942,1451,3628,285.30999755859375,0.27413586709424664,2025-12-13 20:01:33.310688+00:00,since_open,1.135212163762064
13943,1451,3628,285.2449951171875,-0.022783092763127073,2025-12-13 20:01:33.310688+00:00,1h,1.135212163762064
13944,1451,3628,285.2449951171875,-0.022783092763127073,2025-12-13 20:01:33.310688+00:00,4h,1.135212163762064
13945,1451,3628,285.30999755859375,0.0,2025-12-13 20:01:33.310688+00:00,EOD,1.135212163762064
13946,273,3627,58.75,0.2217691410508092,2025-12-13 20:01:34.664255+00:00,since_open,0.9825435553724862
13947,273,3627,58.7599983215332,0.017018419630984043,2025-12-13 20:01:34.664255+00:00,1h,0.9825435553724862
13948,273,3627,58.7599983215332,0.017018419630984043,2025-12-13 20:01:34.664255+00:00,4h,0.9825435553724862
13949,273,3627,58.75,0.0,2025-12-13 20:01:34.664255+00:00,EOD,0.9825435553724862
13950,1039,3626,165.11000061035156,-1.2618111439711723,2025-12-13 20:01:35.990845+00:00,since_open,0.7205323629098601
13951,1039,3626,165.1300048828125,0.012115724297128573,2025-12-13 20:01:35.990845+00:00,1h,0.7205323629098601
13952,1039,3626,165.1300048828125,0.012115724297128573,2025-12-13 20:01:35.990845+00:00,4h,0.7205323629098601
13953,1039,3626,165.11000061035156,0.0,2025-12-13 20:01:35.990845+00:00,EOD,0.7205323629098601
13954,16,3692,189.97000122070312,-3.259150611408356,2025-12-13 20:01:37.194344+00:00,since_open,1.7859386327482245
13955,16,3692,189.80999755859375,-0.08422575200359457,2025-12-13 20:01:37.194344+00:00,1h,1.7859386327482245
13956,16,3692,189.80999755859375,-0.08422575200359457,2025-12-13 20:01:37.194344+00:00,4h,1.7859386327482245
13957,16,3692,189.97000122070312,0.0,2025-12-13 20:01:37.194344+00:00,EOD,1.7859386327482245
13958,358,3691,27.68000030517578,-0.28818416083016385,2025-12-13 20:01:38.470881+00:00,since_open,1.107183082843514
13959,358,3691,27.690000534057617,0.036127994116987174,2025-12-13 20:01:38.470881+00:00,1h,1.107183082843514
13960,358,3691,27.690000534057617,0.036127994116987174,2025-12-13 20:01:38.470881+00:00,4h,1.107183082843514
13961,358,3691,27.68000030517578,0.0,2025-12-13 20:01:38.470881+00:00,EOD,1.107183082843514
13962,16,3690,189.97000122070312,-3.259150611408356,2025-12-13 20:01:39.648801+00:00,since_open,1.7859386327482245
13963,16,3690,189.80999755859375,-0.08422575200359457,2025-12-13 20:01:39.648801+00:00,1h,1.7859386327482245
13964,16,3690,189.80999755859375,-0.08422575200359457,2025-12-13 20:01:39.648801+00:00,4h,1.7859386327482245
13965,16,3690,189.97000122070312,0.0,2025-12-13 20:01:39.648801+00:00,EOD,1.7859386327482245
13966,1462,3689,0.34769999980926514,-0.65714121983973,2025-12-13 20:01:40.886180+00:00,since_open,2.7253852510481837
13967,1462,3689,0.34790000319480896,0.05752182503696791,2025-12-13 20:01:40.886180+00:00,1h,2.7253852510481837
13968,1462,3689,0.34790000319480896,0.05752182503696791,2025-12-13 20:01:40.886180+00:00,4h,2.7253852510481837
13969,1462,3689,0.34769999980926514,0.0,2025-12-13 20:01:40.886180+00:00,EOD,2.7253852510481837
13970,564,3688,8.300000190734863,-3.6004585168824175,2025-12-13 20:01:42.280119+00:00,since_open,0.8442637411999055
13971,564,3688,8.3100004196167,0.12048468255457401,2025-12-13 20:01:42.280119+00:00,1h,0.8442637411999055
13972,564,3688,8.3100004196167,0.12048468255457401,2025-12-13 20:01:42.280119+00:00,4h,0.8442637411999055
13973,564,3688,8.300000190734863,0.0,2025-12-13 20:01:42.280119+00:00,EOD,0.8442637411999055
13974,1461,3687,34.459999084472656,-1.0623104425223833,2025-12-13 20:01:43.557777+00:00,since_open,0.9243209458520825
13975,1461,3687,34.459999084472656,0.0,2025-12-13 20:01:43.557777+00:00,1h,0.9243209458520825
13976,1461,3687,34.459999084472656,0.0,2025-12-13 20:01:43.557777+00:00,4h,0.9243209458520825
13977,1461,3687,34.459999084472656,0.0,2025-12-13 20:01:43.557777+00:00,EOD,0.9243209458520825
13978,691,3686,310.489990234375,-2.361638291077044,2025-12-13 20:01:44.875369+00:00,since_open,0.7207278894529204
13979,691,3686,310.54998779296875,0.019323508158334033,2025-12-13 20:01:44.875369+00:00,1h,0.7207278894529204
13980,691,3686,310.54998779296875,0.019323508158334033,2025-12-13 20:01:44.875369+00:00,4h,0.7207278894529204
13981,691,3686,310.489990234375,0.0,2025-12-13 20:01:44.875369+00:00,EOD,0.7207278894529204
13982,392,3685,359.6499938964844,0.10855205707804604,2025-12-13 20:01:46.142530+00:00,since_open,0.6766339663857581
13983,392,3685,359.6300048828125,-0.005557907413069024,2025-12-13 20:01:46.142530+00:00,1h,0.6766339663857581
13984,392,3685,359.6300048828125,-0.005557907413069024,2025-12-13 20:01:46.142530+00:00,4h,0.6766339663857581
13985,392,3685,359.6499938964844,0.0,2025-12-13 20:01:46.142530+00:00,EOD,0.6766339663857581
13986,1460,3684,4.639999866485596,-2.3157922845137744,2025-12-13 20:01:47.523280+00:00,since_open,0.4429977605490146
13987,1460,3684,4.635000228881836,-0.10775081352634962,2025-12-13 20:01:47.523280+00:00,1h,0.4429977605490146
13988,1460,3684,4.635000228881836,-0.10775081352634962,2025-12-13 20:01:47.523280+00:00,4h,0.4429977605490146
13989,1460,3684,4.639999866485596,0.0,2025-12-13 20:01:47.523280+00:00,EOD,0.4429977605490146
13990,259,3683,97.08999633789062,-0.16452818725899743,2025-12-13 20:01:48.739650+00:00,since_open,0.6467234749048142
13991,259,3683,97.08999633789062,0.0,2025-12-13 20:01:48.739650+00:00,1h,0.6467234749048142
13992,259,3683,97.08999633789062,0.0,2025-12-13 20:01:48.739650+00:00,4h,0.6467234749048142
13993,259,3683,97.08999633789062,0.0,2025-12-13 20:01:48.739650+00:00,EOD,0.6467234749048142
13994,1316,3682,239.0,-3.336703741152679,2025-12-13 20:01:50.008453+00:00,since_open,1.132754332351825
13995,1316,3682,238.97999572753906,-0.008369988477379707,2025-12-13 20:01:50.008453+00:00,1h,1.132754332351825
13996,1316,3682,238.97999572753906,-0.008369988477379707,2025-12-13 20:01:50.008453+00:00,4h,1.132754332351825
13997,1316,3682,239.0,0.0,2025-12-13 20:01:50.008453+00:00,EOD,1.132754332351825
13998,366,3681,168.89999389648438,0.25523397202208165,2025-12-13 20:01:51.267592+00:00,since_open,0.8042687739823574
13999,366,3681,168.86000061035156,-0.023678678258167156,2025-12-13 20:01:51.267592+00:00,1h,0.8042687739823574
14000,366,3681,168.86000061035156,-0.023678678258167156,2025-12-13 20:01:51.267592+00:00,4h,0.8042687739823574
14001,366,3681,168.89999389648438,0.0,2025-12-13 20:01:51.267592+00:00,EOD,0.8042687739823574
14002,1459,3680,69.97000122070312,-2.1124819044709766,2025-12-13 20:01:52.536117+00:00,since_open,0.8315383026774582
14003,1459,3680,69.95999908447266,-0.01429489217660505,2025-12-13 20:01:52.536117+00:00,1h,0.8315383026774582
14004,1459,3680,69.95999908447266,-0.01429489217660505,2025-12-13 20:01:52.536117+00:00,4h,0.8315383026774582
14005,1459,3680,69.97000122070312,0.0,2025-12-13 20:01:52.536117+00:00,EOD,0.8315383026774582
14006,426,3679,198.67999267578125,-0.8533393478095501,2025-12-13 20:01:53.739525+00:00,since_open,0.8562368845901996
14007,426,3679,198.6300048828125,-0.025159953096194888,2025-12-13 20:01:53.739525+00:00,1h,0.8562368845901996
14008,426,3679,198.6300048828125,-0.025159953096194888,2025-12-13 20:01:53.739525+00:00,4h,0.8562368845901996
14009,426,3679,198.67999267578125,0.0,2025-12-13 20:01:53.739525+00:00,EOD,0.8562368845901996
14010,1458,3678,11.970000267028809,-4.545452125663246,2025-12-13 20:01:54.974554+00:00,since_open,1.0653641683598183
14011,1458,3678,11.970000267028809,0.0,2025-12-13 20:01:54.974554+00:00,1h,1.0653641683598183
14012,1458,3678,11.970000267028809,0.0,2025-12-13 20:01:54.974554+00:00,4h,1.0653641683598183
14013,1458,3678,11.970000267028809,0.0,2025-12-13 20:01:54.974554+00:00,EOD,1.0653641683598183
14014,630,3677,284.3399963378906,-0.5804208608774039,2025-12-13 20:01:56.363837+00:00,since_open,0.883562811964611
14015,630,3677,284.44000244140625,0.03517131068567098,2025-12-13 20:01:56.363837+00:00,1h,0.883562811964611
14016,630,3677,284.44000244140625,0.03517131068567098,2025-12-13 20:01:56.363837+00:00,4h,0.883562811964611
14017,630,3677,284.3399963378906,0.0,2025-12-13 20:01:56.363837+00:00,EOD,0.883562811964611
14018,254,3676,92.76000213623047,-0.3865985821878386,2025-12-13 20:01:57.689370+00:00,since_open,0.8958866587178116
14019,254,3676,92.7782974243164,0.01972325103989155,2025-12-13 20:01:57.689370+00:00,1h,0.8958866587178116
14020,254,3676,92.7782974243164,0.01972325103989155,2025-12-13 20:01:57.689370+00:00,4h,0.8958866587178116
14021,254,3676,92.76000213623047,0.0,2025-12-13 20:01:57.689370+00:00,EOD,0.8958866587178116
14022,1457,3675,75.95999908447266,-3.8115766616467437,2025-12-13 20:01:58.876252+00:00,since_open,0.8766938262378439
14023,1457,3675,75.94999694824219,-0.013167636059797339,2025-12-13 20:01:58.876252+00:00,1h,0.8766938262378439
14024,1457,3675,75.94999694824219,-0.013167636059797339,2025-12-13 20:01:58.876252+00:00,4h,0.8766938262378439
14025,1457,3675,75.95999908447266,0.0,2025-12-13 20:01:58.876252+00:00,EOD,0.8766938262378439
14026,457,3674,61.4900016784668,-1.7770843349560381,2025-12-13 20:02:00.142039+00:00,since_open,1.344525161655207
14027,457,3674,61.47999954223633,-0.016266280626841163,2025-12-13 20:02:00.142039+00:00,1h,1.344525161655207
14028,457,3674,61.47999954223633,-0.016266280626841163,2025-12-13 20:02:00.142039+00:00,4h,1.344525161655207
14029,457,3674,61.4900016784668,0.0,2025-12-13 20:02:00.142039+00:00,EOD,1.344525161655207
14030,85,3673,318.5199890136719,-0.36286401673120916,2025-12-13 20:02:01.320597+00:00,since_open,0.9156040058240249
14031,85,3673,318.6099853515625,0.028254533779593367,2025-12-13 20:02:01.320597+00:00,1h,0.9156040058240249
14032,85,3673,318.6099853515625,0.028254533779593367,2025-12-13 20:02:01.320597+00:00,4h,0.9156040058240249
14033,85,3673,318.5199890136719,0.0,2025-12-13 20:02:01.320597+00:00,EOD,0.9156040058240249
14034,1456,3672,175.02999877929688,-4.65477233337747,2025-12-13 20:02:02.593202+00:00,since_open,1.3948315596382617
14035,1456,3672,174.9600067138672,-0.03998861104829442,2025-12-13 20:02:02.593202+00:00,1h,1.3948315596382617
14036,1456,3672,174.9600067138672,-0.03998861104829442,2025-12-13 20:02:02.593202+00:00,4h,1.3948315596382617
14037,1456,3672,175.02999877929688,0.0,2025-12-13 20:02:02.593202+00:00,EOD,1.3948315596382617
14038,59,3671,278.2799987792969,0.17458389392171872,2025-12-13 20:02:03.895590+00:00,since_open,0.8925359239299121
14039,59,3671,278.3699951171875,0.032340210681832314,2025-12-13 20:02:03.895590+00:00,1h,0.8925359239299121
14040,59,3671,278.3699951171875,0.032340210681832314,2025-12-13 20:02:03.895590+00:00,4h,0.8925359239299121
14041,59,3671,278.2799987792969,0.0,2025-12-13 20:02:03.895590+00:00,EOD,0.8925359239299121
14042,8,3670,644.22998046875,-0.9197092173023647,2025-12-13 20:02:05.185831+00:00,since_open,0.5677998839319247
14043,8,3670,644.239990234375,0.0015537565665163186,2025-12-13 20:02:05.185831+00:00,1h,0.5677998839319247
14044,8,3670,644.239990234375,0.0015537565665163186,2025-12-13 20:02:05.185831+00:00,4h,0.5677998839319247
14045,8,3670,644.22998046875,0.0,2025-12-13 20:02:05.185831+00:00,EOD,0.5677998839319247
14046,13,3669,458.9599914550781,2.42585087951635,2025-12-13 20:02:06.359976+00:00,since_open,0.9770957606492674
14047,13,3669,459.1700134277344,0.04576040974517197,2025-12-13 20:02:06.359976+00:00,1h,0.9770957606492674
14048,13,3669,459.1700134277344,0.04576040974517197,2025-12-13 20:02:06.359976+00:00,4h,0.9770957606492674
14049,13,3669,458.9599914550781,0.0,2025-12-13 20:02:06.359976+00:00,EOD,0.9770957606492674
14050,559,3668,25.84000015258789,-1.7303666947552372,2025-12-13 20:02:07.572348+00:00,since_open,0.7419758676191587
14051,559,3668,25.854999542236328,0.058047173219290024,2025-12-13 20:02:07.572348+00:00,1h,0.7419758676191587
14052,559,3668,25.854999542236328,0.058047173219290024,2025-12-13 20:02:07.572348+00:00,4h,0.7419758676191587
14053,559,3668,25.84000015258789,0.0,2025-12-13 20:02:07.572348+00:00,EOD,0.7419758676191587
14054,584,3667,73.45999908447266,-2.443564266551783,2025-12-13 20:02:08.773863+00:00,since_open,0.7217017138261754
14055,584,3667,73.43000030517578,-0.04083689037673278,2025-12-13 20:02:08.773863+00:00,1h,0.7217017138261754
14056,584,3667,73.43000030517578,-0.04083689037673278,2025-12-13 20:02:08.773863+00:00,4h,0.7217017138261754
14057,584,3667,73.45999908447266,0.0,2025-12-13 20:02:08.773863+00:00,EOD,0.7217017138261754
14058,160,3666,176.4499969482422,-3.5634280094890203,2025-12-13 20:02:10.032563+00:00,since_open,0.6005339910535623
14059,160,3666,176.44000244140625,-0.005664214796710467,2025-12-13 20:02:10.032563+00:00,1h,0.6005339910535623
14060,160,3666,176.44000244140625,-0.005664214796710467,2025-12-13 20:02:10.032563+00:00,4h,0.6005339910535623
14061,160,3666,176.4499969482422,0.0,2025-12-13 20:02:10.032563+00:00,EOD,0.6005339910535623
14062,68,3665,6.559999942779541,-7.082153031904256,2025-12-13 20:02:11.325043+00:00,since_open,0.49783716550725104
14063,68,3665,6.559999942779541,0.0,2025-12-13 20:02:11.325043+00:00,1h,0.49783716550725104
14064,68,3665,6.559999942779541,0.0,2025-12-13 20:02:11.325043+00:00,4h,0.49783716550725104
14065,68,3665,6.559999942779541,0.0,2025-12-13 20:02:11.325043+00:00,EOD,0.49783716550725104
14066,46,3664,183.57000732421875,-1.205527293367859,2025-12-13 20:02:12.610145+00:00,since_open,0.9870637074022924
14067,46,3664,183.57000732421875,0.0,2025-12-13 20:02:12.610145+00:00,1h,0.9870637074022924
14068,46,3664,183.57000732421875,0.0,2025-12-13 20:02:12.610145+00:00,4h,0.9870637074022924
14069,46,3664,183.57000732421875,0.0,2025-12-13 20:02:12.610145+00:00,EOD,0.9870637074022924
14070,371,3663,224.77999877929688,-3.55273271519502,2025-12-13 20:02:13.822624+00:00,since_open,1.1827749144837425
14071,371,3663,224.69000244140625,-0.040037520410785774,2025-12-13 20:02:13.822624+00:00,1h,1.1827749144837425
14072,371,3663,224.69000244140625,-0.040037520410785774,2025-12-13 20:02:13.822624+00:00,4h,1.1827749144837425
14073,371,3663,224.77999877929688,0.0,2025-12-13 20:02:13.822624+00:00,EOD,1.1827749144837425
14074,304,3662,119.5,-4.598436881683905,2025-12-13 20:02:15.073500+00:00,since_open,1.0727833096518462
14075,304,3662,119.5199966430664,0.01673359252418933,2025-12-13 20:02:15.073500+00:00,1h,1.0727833096518462
14076,304,3662,119.5199966430664,0.01673359252418933,2025-12-13 20:02:15.073500+00:00,4h,1.0727833096518462
14077,304,3662,119.5,0.0,2025-12-13 20:02:15.073500+00:00,EOD,1.0727833096518462
14078,1303,3661,21.030000686645508,-3.265865188351557,2025-12-13 20:02:16.315826+00:00,since_open,1.0142068844019636
14079,1303,3661,21.030000686645508,0.0,2025-12-13 20:02:16.315826+00:00,1h,1.0142068844019636
14080,1303,3661,21.030000686645508,0.0,2025-12-13 20:02:16.315826+00:00,4h,1.0142068844019636
14081,1303,3661,21.030000686645508,0.0,2025-12-13 20:02:16.315826+00:00,EOD,1.0142068844019636
14082,253,3660,226.19000244140625,-1.6650733674963387,2025-12-13 20:02:17.505033+00:00,since_open,0.6603861928847993
14083,253,3660,226.19000244140625,0.0,2025-12-13 20:02:17.505033+00:00,1h,0.6603861928847993
14084,253,3660,226.19000244140625,0.0,2025-12-13 20:02:17.505033+00:00,4h,0.6603861928847993
14085,253,3660,226.19000244140625,0.0,2025-12-13 20:02:17.505033+00:00,EOD,0.6603861928847993
14086,392,3659,359.6499938964844,0.10855205707804604,2025-12-13 20:02:18.718470+00:00,since_open,0.6766339663857581
14087,392,3659,359.6300048828125,-0.005557907413069024,2025-12-13 20:02:18.718470+00:00,1h,0.6766339663857581
14088,392,3659,359.6300048828125,-0.005557907413069024,2025-12-13 20:02:18.718470+00:00,4h,0.6766339663857581
14089,392,3659,359.6499938964844,0.0,2025-12-13 20:02:18.718470+00:00,EOD,0.6766339663857581
14090,426,3658,198.67999267578125,-0.8533393478095501,2025-12-13 20:02:20.014728+00:00,since_open,0.8562368845901996
14091,426,3658,198.6300048828125,-0.025159953096194888,2025-12-13 20:02:20.014728+00:00,1h,0.8562368845901996
14092,426,3658,198.6300048828125,-0.025159953096194888,2025-12-13 20:02:20.014728+00:00,4h,0.8562368845901996
14093,426,3658,198.67999267578125,0.0,2025-12-13 20:02:20.014728+00:00,EOD,0.8562368845901996
14094,630,3657,284.3399963378906,-0.5804208608774039,2025-12-13 20:02:21.193203+00:00,since_open,0.883562811964611
14095,630,3657,284.44000244140625,0.03517131068567098,2025-12-13 20:02:21.193203+00:00,1h,0.883562811964611
14096,630,3657,284.44000244140625,0.03517131068567098,2025-12-13 20:02:21.193203+00:00,4h,0.883562811964611
14097,630,3657,284.3399963378906,0.0,2025-12-13 20:02:21.193203+00:00,EOD,0.883562811964611
14098,441,3656,239.9499969482422,1.7556504951066527,2025-12-13 20:02:22.504639+00:00,since_open,0.869676679887748
14099,441,3656,239.97000122070312,0.00833685047524817,2025-12-13 20:02:22.504639+00:00,1h,0.869676679887748
14100,441,3656,239.97000122070312,0.00833685047524817,2025-12-13 20:02:22.504639+00:00,4h,0.869676679887748
14101,441,3656,239.9499969482422,0.0,2025-12-13 20:02:22.504639+00:00,EOD,0.869676679887748
14102,46,3655,183.57000732421875,-1.205527293367859,2025-12-13 20:02:23.804818+00:00,since_open,0.9870637074022924
14103,46,3655,183.57000732421875,0.0,2025-12-13 20:02:23.804818+00:00,1h,0.9870637074022924
14104,46,3655,183.57000732421875,0.0,2025-12-13 20:02:23.804818+00:00,4h,0.9870637074022924
14105,46,3655,183.57000732421875,0.0,2025-12-13 20:02:23.804818+00:00,EOD,0.9870637074022924
14106,1264,3654,597.8900146484375,-4.490412995457269,2025-12-13 20:02:24.998311+00:00,since_open,1.7972448396466254
14107,1264,3654,597.8800048828125,-0.0016741817691813762,2025-12-13 20:02:24.998311+00:00,1h,1.7972448396466254
14108,1264,3654,597.8800048828125,-0.0016741817691813762,2025-12-13 20:02:24.998311+00:00,4h,1.7972448396466254
14109,1264,3654,597.8900146484375,0.0,2025-12-13 20:02:24.998311+00:00,EOD,1.7972448396466254
14110,46,3653,183.57000732421875,-1.205527293367859,2025-12-13 20:02:26.320212+00:00,since_open,0.9870637074022924
14111,46,3653,183.57000732421875,0.0,2025-12-13 20:02:26.320212+00:00,1h,0.9870637074022924
14112,46,3653,183.57000732421875,0.0,2025-12-13 20:02:26.320212+00:00,4h,0.9870637074022924
14113,46,3653,183.57000732421875,0.0,2025-12-13 20:02:26.320212+00:00,EOD,0.9870637074022924
14114,520,3652,671.7100219726562,-3.7457841266431653,2025-12-13 20:02:27.568025+00:00,since_open,1.4183008689526704
14115,520,3652,671.8300170898438,0.017864124884589667,2025-12-13 20:02:27.568025+00:00,1h,1.4183008689526704
14116,520,3652,671.8300170898438,0.017864124884589667,2025-12-13 20:02:27.568025+00:00,4h,1.4183008689526704
14117,520,3652,671.7100219726562,0.0,2025-12-13 20:02:27.568025+00:00,EOD,1.4183008689526704
14118,1358,3651,13.829999923706055,-1.7755681914392827,2025-12-13 20:02:28.791609+00:00,since_open,0.9519119221999333
14119,1358,3651,13.829999923706055,0.0,2025-12-13 20:02:28.791609+00:00,1h,0.9519119221999333
14120,1358,3651,13.829999923706055,0.0,2025-12-13 20:02:28.791609+00:00,4h,0.9519119221999333
14121,1358,3651,13.829999923706055,0.0,2025-12-13 20:02:28.791609+00:00,EOD,0.9519119221999333
14122,60,3650,455.67999267578125,-3.4576286703853287,2025-12-13 20:02:30.083086+00:00,since_open,1.5050729320749865
14123,60,3650,455.57000732421875,-0.024136532946434443,2025-12-13 20:02:30.083086+00:00,1h,1.5050729320749865
14124,60,3650,455.57000732421875,-0.024136532946434443,2025-12-13 20:02:30.083086+00:00,4h,1.5050729320749865
14125,60,3650,455.67999267578125,0.0,2025-12-13 20:02:30.083086+00:00,EOD,1.5050729320749865
14126,1353,3649,23.969999313354492,-2.9554713645202586,2025-12-13 20:02:31.303742+00:00,since_open,0.8000512027892053
14127,1353,3649,23.969999313354492,0.0,2025-12-13 20:02:31.303742+00:00,1h,0.8000512027892053
14128,1353,3649,23.969999313354492,0.0,2025-12-13 20:02:31.303742+00:00,4h,0.8000512027892053
14129,1353,3649,23.969999313354492,0.0,2025-12-13 20:02:31.303742+00:00,EOD,0.8000512027892053
14130,1455,3648,81.0199966430664,-4.11834716796875,2025-12-13 20:02:32.547840+00:00,since_open,0.5635847203521417
14131,1455,3648,81.13999938964844,0.14811497353018088,2025-12-13 20:02:32.547840+00:00,1h,0.5635847203521417
14132,1455,3648,81.13999938964844,0.14811497353018088,2025-12-13 20:02:32.547840+00:00,4h,0.5635847203521417
14133,1455,3648,81.0199966430664,0.0,2025-12-13 20:02:32.547840+00:00,EOD,0.5635847203521417
14134,306,3647,11.649999618530273,-4.742436184915819,2025-12-13 20:02:33.881703+00:00,since_open,1.0323976053183106
14135,306,3647,11.65999984741211,0.08583887733292075,2025-12-13 20:02:33.881703+00:00,1h,1.0323976053183106
14136,306,3647,11.65999984741211,0.08583887733292075,2025-12-13 20:02:33.881703+00:00,4h,1.0323976053183106
14137,306,3647,11.649999618530273,0.0,2025-12-13 20:02:33.881703+00:00,EOD,1.0323976053183106
14138,1454,3646,73.05000305175781,-0.06839319207507324,2025-12-13 20:02:35.052450+00:00,since_open,0.9786145238293876
14139,1454,3646,73.05000305175781,0.0,2025-12-13 20:02:35.052450+00:00,1h,0.9786145238293876
14140,1454,3646,73.05000305175781,0.0,2025-12-13 20:02:35.052450+00:00,4h,0.9786145238293876
14141,1454,3646,73.05000305175781,0.0,2025-12-13 20:02:35.052450+00:00,EOD,0.9786145238293876
14142,1453,3645,104.06999969482422,-1.8577906485237117,2025-12-13 20:02:36.617297+00:00,since_open,0.555545627196956
14143,1453,3645,104.01499938964844,-0.05284933730860442,2025-12-13 20:02:36.617297+00:00,1h,0.555545627196956
14144,1453,3645,104.01499938964844,-0.05284933730860442,2025-12-13 20:02:36.617297+00:00,4h,0.555545627196956
14145,1453,3645,104.06999969482422,0.0,2025-12-13 20:02:36.617297+00:00,EOD,0.555545627196956
14146,277,3644,142.83999633789062,1.3049619417664007,2025-12-13 20:02:37.890064+00:00,since_open,0.8875997114970621
14147,277,3644,142.82000732421875,-0.013993989207750064,2025-12-13 20:02:37.890064+00:00,1h,0.8875997114970621
14148,277,3644,142.82000732421875,-0.013993989207750064,2025-12-13 20:02:37.890064+00:00,4h,0.8875997114970621
14149,277,3644,142.83999633789062,0.0,2025-12-13 20:02:37.890064+00:00,EOD,0.8875997114970621
14150,1132,3643,101.18000030517578,-1.2010578194996024,2025-12-13 20:02:39.178789+00:00,since_open,0.7283447297883481
14151,1132,3643,101.17500305175781,-0.0049389735154143095,2025-12-13 20:02:39.178789+00:00,1h,0.7283447297883481
14152,1132,3643,101.17500305175781,-0.0049389735154143095,2025-12-13 20:02:39.178789+00:00,4h,0.7283447297883481
14153,1132,3643,101.18000030517578,0.0,2025-12-13 20:02:39.178789+00:00,EOD,0.7283447297883481
14154,1452,3642,484.79998779296875,1.375932950413945,2025-12-13 20:02:40.332276+00:00,since_open,1.0284781196303323
14155,1452,3642,484.82000732421875,0.004129441368416295,2025-12-13 20:02:40.332276+00:00,1h,1.0284781196303323
14156,1452,3642,484.82000732421875,0.004129441368416295,2025-12-13 20:02:40.332276+00:00,4h,1.0284781196303323
14157,1452,3642,484.79998779296875,0.0,2025-12-13 20:02:40.332276+00:00,EOD,1.0284781196303323
14158,57,3641,32.7400016784668,-3.6491991773815164,2025-12-13 20:02:41.760059+00:00,since_open,1.0337989646894465
14159,57,3641,32.739898681640625,-0.0003145901676590821,2025-12-13 20:02:41.760059+00:00,1h,1.0337989646894465
14160,57,3641,32.739898681640625,-0.0003145901676590821,2025-12-13 20:02:41.760059+00:00,4h,1.0337989646894465
14161,57,3641,32.7400016784668,0.0,2025-12-13 20:02:41.760059+00:00,EOD,1.0337989646894465
14162,108,3640,347.8299865722656,-0.0488544332570043,2025-12-13 20:02:42.940293+00:00,since_open,1.0062759478306438
14163,108,3640,347.9200134277344,0.02588243076910389,2025-12-13 20:02:42.940293+00:00,1h,1.0062759478306438
14164,108,3640,347.9200134277344,0.02588243076910389,2025-12-13 20:02:42.940293+00:00,4h,1.0062759478306438
14165,108,3640,347.8299865722656,0.0,2025-12-13 20:02:42.940293+00:00,EOD,1.0062759478306438
14166,1225,3639,208.1199951171875,0.06249801461143277,2025-12-13 20:02:44.150832+00:00,since_open,1.2283596914212964
14167,1225,3639,207.92999267578125,-0.0912946597462988,2025-12-13 20:02:44.150832+00:00,1h,1.2283596914212964
14168,1225,3639,207.92999267578125,-0.0912946597462988,2025-12-13 20:02:44.150832+00:00,4h,1.2283596914212964
14169,1225,3639,208.1199951171875,0.0,2025-12-13 20:02:44.150832+00:00,EOD,1.2283596914212964
14170,60,3638,455.67999267578125,-3.4576286703853287,2025-12-13 20:02:45.326553+00:00,since_open,1.5050729320749865
14171,60,3638,455.57000732421875,-0.024136532946434443,2025-12-13 20:02:45.326553+00:00,1h,1.5050729320749865
14172,60,3638,455.57000732421875,-0.024136532946434443,2025-12-13 20:02:45.326553+00:00,4h,1.5050729320749865
14173,60,3638,455.67999267578125,0.0,2025-12-13 20:02:45.326553+00:00,EOD,1.5050729320749865
14174,27,3693,478.5299987792969,-0.26885259581312215,2025-12-13 20:05:51.503951+00:00,since_open,0.8188235158142461
14175,27,3693,478.4700012207031,-0.01253788868969561,2025-12-13 20:05:51.503951+00:00,1h,0.8188235158142461
14176,27,3693,478.4700012207031,-0.01253788868969561,2025-12-13 20:05:51.503951+00:00,4h,0.8188235158142461
14177,27,3693,478.5299987792969,0.0,2025-12-13 20:05:51.503951+00:00,EOD,0.8188235158142461
14178,1463,3694,297.6400146484375,-1.6001045233066291,2025-12-13 20:05:52.295121+00:00,since_open,0.7094148824638152
14179,1463,3694,297.6300048828125,-0.0033630443261546007,2025-12-13 20:05:52.295121+00:00,1h,0.7094148824638152
14180,1463,3694,297.6300048828125,-0.0033630443261546007,2025-12-13 20:05:52.295121+00:00,4h,0.7094148824638152
14181,1463,3694,297.6400146484375,0.0,2025-12-13 20:05:52.295121+00:00,EOD,0.7094148824638152
14182,86,3695,11.779999732971191,-0.9251522891110529,2025-12-13 20:10:51.734582+00:00,since_open,0.6459948489094621
14183,86,3695,11.774999618530273,-0.042445794178781554,2025-12-13 20:10:51.734582+00:00,1h,0.6459948489094621
14184,86,3695,11.774999618530273,-0.042445794178781554,2025-12-13 20:10:51.734582+00:00,4h,0.6459948489094621
14185,86,3695,11.779999732971191,0.0,2025-12-13 20:10:51.734582+00:00,EOD,0.6459948489094621
14186,356,3696,150.64999389648438,0.6278719794687707,2025-12-13 20:10:52.626935+00:00,since_open,0.9678758176196137
14187,356,3696,150.64999389648438,0.0,2025-12-13 20:10:52.626935+00:00,1h,0.9678758176196137
14188,356,3696,150.64999389648438,0.0,2025-12-13 20:10:52.626935+00:00,4h,0.9678758176196137
14189,356,3696,150.64999389648438,0.0,2025-12-13 20:10:52.626935+00:00,EOD,0.9678758176196137
14190,344,3697,6.380000114440918,-4.347825465305844,2025-12-13 20:15:52.279345+00:00,since_open,1.6217442281500294
14191,344,3697,6.380000114440918,0.0,2025-12-13 20:15:52.279345+00:00,1h,1.6217442281500294
14192,344,3697,6.380000114440918,0.0,2025-12-13 20:15:52.279345+00:00,4h,1.6217442281500294
14193,344,3697,6.380000114440918,0.0,2025-12-13 20:15:52.279345+00:00,EOD,1.6217442281500294
14194,319,3699,1089.0899658203125,-1.6405470268723255,2025-12-13 20:15:53.636683+00:00,since_open,0.7664303405364116
14195,319,3699,1089.68994140625,0.05508962572119494,2025-12-13 20:15:53.636683+00:00,1h,0.7664303405364116
14196,319,3699,1089.68994140625,0.05508962572119494,2025-12-13 20:15:53.636683+00:00,4h,0.7664303405364116
14197,319,3699,1089.0899658203125,0.0,2025-12-13 20:15:53.636683+00:00,EOD,0.7664303405364116
14198,160,3698,176.4499969482422,-3.5634280094890203,2025-12-13 20:15:55.140256+00:00,since_open,0.6005339910535623
14199,160,3698,176.44000244140625,-0.005664214796710467,2025-12-13 20:15:55.140256+00:00,1h,0.6005339910535623
14200,160,3698,176.44000244140625,-0.005664214796710467,2025-12-13 20:15:55.140256+00:00,4h,0.6005339910535623
14201,160,3698,176.4499969482422,0.0,2025-12-13 20:15:55.140256+00:00,EOD,0.6005339910535623
14202,254,3700,92.76000213623047,-0.3865985821878386,2025-12-13 20:30:51.366205+00:00,since_open,0.8958866587178116
14203,254,3700,92.7782974243164,0.01972325103989155,2025-12-13 20:30:51.366205+00:00,1h,0.8958866587178116
14204,254,3700,92.7782974243164,0.01972325103989155,2025-12-13 20:30:51.366205+00:00,4h,0.8958866587178116
14205,254,3700,92.76000213623047,0.0,2025-12-13 20:30:51.366205+00:00,EOD,0.8958866587178116
14206,31,3702,292.0400085449219,-4.0226075599707825,2025-12-13 20:35:51.339691+00:00,since_open,1.560373173035824
14207,31,3702,292.1400146484375,0.03424397363015484,2025-12-13 20:35:51.339691+00:00,1h,1.560373173035824
14208,31,3702,292.1400146484375,0.03424397363015484,2025-12-13 20:35:51.339691+00:00,4h,1.560373173035824
14209,31,3702,292.0400085449219,0.0,2025-12-13 20:35:51.339691+00:00,EOD,1.560373173035824
14210,253,3701,226.19000244140625,-1.6650733674963387,2025-12-13 20:35:52.080428+00:00,since_open,0.6603861928847993
14211,253,3701,226.19000244140625,0.0,2025-12-13 20:35:52.080428+00:00,1h,0.6603861928847993
14212,253,3701,226.19000244140625,0.0,2025-12-13 20:35:52.080428+00:00,4h,0.6603861928847993
14213,253,3701,226.19000244140625,0.0,2025-12-13 20:35:52.080428+00:00,EOD,0.6603861928847993
14214,58,3703,29.979999542236328,0.2742619008172355,2025-12-13 20:40:51.356506+00:00,since_open,0.5880783329252499
14215,58,3703,29.989999771118164,0.033356334337989055,2025-12-13 20:40:51.356506+00:00,1h,0.5880783329252499
14216,58,3703,29.989999771118164,0.033356334337989055,2025-12-13 20:40:51.356506+00:00,4h,0.5880783329252499
14217,58,3703,29.979999542236328,0.0,2025-12-13 20:40:51.356506+00:00,EOD,0.5880783329252499
14218,58,3705,29.979999542236328,0.2742619008172355,2025-12-13 20:40:52.065519+00:00,since_open,0.5880783329252499
14219,58,3705,29.989999771118164,0.033356334337989055,2025-12-13 20:40:52.065519+00:00,1h,0.5880783329252499
14220,58,3705,29.989999771118164,0.033356334337989055,2025-12-13 20:40:52.065519+00:00,4h,0.5880783329252499
14221,58,3705,29.979999542236328,0.0,2025-12-13 20:40:52.065519+00:00,EOD,0.5880783329252499
14222,58,3704,29.979999542236328,0.2742619008172355,2025-12-13 20:40:53.415263+00:00,since_open,0.5880783329252499
14223,58,3704,29.989999771118164,0.033356334337989055,2025-12-13 20:40:53.415263+00:00,1h,0.5880783329252499
14224,58,3704,29.989999771118164,0.033356334337989055,2025-12-13 20:40:53.415263+00:00,4h,0.5880783329252499
14225,58,3704,29.979999542236328,0.0,2025-12-13 20:40:53.415263+00:00,EOD,0.5880783329252499
14226,16,3706,189.97000122070312,-3.259150611408356,2025-12-13 20:45:51.436772+00:00,since_open,1.7859386327482245
14227,16,3706,189.80999755859375,-0.08422575200359457,2025-12-13 20:45:51.436772+00:00,1h,1.7859386327482245
14228,16,3706,189.80999755859375,-0.08422575200359457,2025-12-13 20:45:51.436772+00:00,4h,1.7859386327482245
14229,16,3706,189.97000122070312,0.0,2025-12-13 20:45:51.436772+00:00,EOD,1.7859386327482245
14230,127,3707,149.99000549316406,-0.767441912114621,2025-12-13 20:55:51.440982+00:00,since_open,0.6475883911060438
14231,127,3707,149.97999572753906,-0.006673621747054477,2025-12-13 20:55:51.440982+00:00,1h,0.6475883911060438
14232,127,3707,149.97999572753906,-0.006673621747054477,2025-12-13 20:55:51.440982+00:00,4h,0.6475883911060438
14233,127,3707,149.99000549316406,0.0,2025-12-13 20:55:51.440982+00:00,EOD,0.6475883911060438
14234,8,3708,644.22998046875,-0.9197092173023647,2025-12-13 21:05:51.625386+00:00,since_open,0.5677998839319247
14235,8,3708,644.239990234375,0.0015537565665163186,2025-12-13 21:05:51.625386+00:00,1h,0.5677998839319247
14236,8,3708,644.239990234375,0.0015537565665163186,2025-12-13 21:05:51.625386+00:00,4h,0.5677998839319247
14237,8,3708,644.22998046875,0.0,2025-12-13 21:05:51.625386+00:00,EOD,0.5677998839319247
14238,239,3709,57.720001220703125,0.7505678099216752,2025-12-13 21:10:51.646282+00:00,since_open,0.8491143257672604
14239,239,3709,57.71500015258789,-0.008664358990762776,2025-12-13 21:10:51.646282+00:00,1h,0.8491143257672604
14240,239,3709,57.71500015258789,-0.008664358990762776,2025-12-13 21:10:51.646282+00:00,4h,0.8491143257672604
14241,239,3709,57.720001220703125,0.0,2025-12-13 21:10:51.646282+00:00,EOD,0.8491143257672604
14242,1464,3710,7.320000171661377,-0.9472218685912908,2025-12-13 21:25:51.268878+00:00,since_open,0.6856362161071796
14243,1464,3710,7.320000171661377,0.0,2025-12-13 21:25:51.268878+00:00,1h,0.6856362161071796
14244,1464,3710,7.320000171661377,0.0,2025-12-13 21:25:51.268878+00:00,4h,0.6856362161071796
14245,1464,3710,7.320000171661377,0.0,2025-12-13 21:25:51.268878+00:00,EOD,0.6856362161071796
14246,1465,3716,10.09000015258789,9.912852038785246,2025-12-13 21:28:22.066133+00:00,since_open,9.152459302967342
14247,1465,3716,10.0600004196167,-0.2973214322845878,2025-12-13 21:28:22.066133+00:00,1h,9.152459302967342
14248,1465,3716,10.0600004196167,-0.2973214322845878,2025-12-13 21:28:22.066133+00:00,4h,9.152459302967342
14249,1465,3716,10.09000015258789,0.0,2025-12-13 21:28:22.066133+00:00,EOD,9.152459302967342
14250,1469,3746,13.220000267028809,-6.307579102082153,2025-12-13 21:28:23.096808+00:00,since_open,2.2724194084618716
14251,1469,3746,13.229999542236328,0.07563748113120776,2025-12-13 21:28:23.096808+00:00,1h,2.2724194084618716
14252,1469,3746,13.229999542236328,0.07563748113120776,2025-12-13 21:28:23.096808+00:00,4h,2.2724194084618716
14253,1469,3746,13.220000267028809,0.0,2025-12-13 21:28:23.096808+00:00,EOD,2.2724194084618716
14254,1472,3749,146.00999450683594,-0.8690330895801497,2025-12-13 21:28:24.744639+00:00,since_open,1.3275721896956696
14255,1472,3749,146.00999450683594,0.0,2025-12-13 21:28:24.744639+00:00,1h,1.3275721896956696
14256,1472,3749,146.00999450683594,0.0,2025-12-13 21:28:24.744639+00:00,4h,1.3275721896956696
14257,1472,3749,146.00999450683594,0.0,2025-12-13 21:28:24.744639+00:00,EOD,1.3275721896956696
14258,634,3861,6.639999866485596,-8.916325085990943,2025-12-13 21:39:54.023660+00:00,since_open,0.6175369962206683
14259,634,3861,6.635000228881836,-0.0752957485585909,2025-12-13 21:39:54.023660+00:00,1h,0.6175369962206683
14260,634,3861,6.635000228881836,-0.0752957485585909,2025-12-13 21:39:54.023660+00:00,4h,0.6175369962206683
14261,634,3861,6.639999866485596,0.0,2025-12-13 21:39:54.023660+00:00,EOD,0.6175369962206683
14262,559,4305,25.84000015258789,-1.7303666947552372,2025-12-13 22:09:14.717009+00:00,since_open,0.7419758676191587
14263,559,4305,25.854999542236328,0.058047173219290024,2025-12-13 22:09:14.717009+00:00,1h,0.7419758676191587
14264,559,4305,25.854999542236328,0.058047173219290024,2025-12-13 22:09:14.717009+00:00,4h,0.7419758676191587
14265,559,4305,25.84000015258789,0.0,2025-12-13 22:09:14.717009+00:00,EOD,0.7419758676191587
14266,13,4303,458.9599914550781,2.42585087951635,2025-12-13 22:09:15.631603+00:00,since_open,0.9770957606492674
14267,13,4303,459.1700134277344,0.04576040974517197,2025-12-13 22:09:15.631603+00:00,1h,0.9770957606492674
14268,13,4303,459.1700134277344,0.04576040974517197,2025-12-13 22:09:15.631603+00:00,4h,0.9770957606492674
14269,13,4303,458.9599914550781,0.0,2025-12-13 22:09:15.631603+00:00,EOD,0.9770957606492674
14270,368,4611,884.469970703125,0.05316410668834841,2025-12-13 22:31:32.818433+00:00,since_open,1.7682368225568614
14271,368,4611,884.2999877929688,-0.019218618583638186,2025-12-13 22:31:32.818433+00:00,1h,1.7682368225568614
14272,368,4611,884.2999877929688,-0.019218618583638186,2025-12-13 22:31:32.818433+00:00,4h,1.7682368225568614
14273,368,4611,884.469970703125,0.0,2025-12-13 22:31:32.818433+00:00,EOD,1.7682368225568614
14274,263,4663,26.100000381469727,-5.366205751741908,2025-12-13 22:36:35.105635+00:00,since_open,1.0452669468864604
14275,263,4663,26.125,0.09578397764324352,2025-12-13 22:36:35.105635+00:00,1h,1.0452669468864604
14276,263,4663,26.125,0.09578397764324352,2025-12-13 22:36:35.105635+00:00,4h,1.0452669468864604
14277,263,4663,26.100000381469727,0.0,2025-12-13 22:36:35.105635+00:00,EOD,1.0452669468864604
14278,1475,5225,1.7300000190734863,-2.2598848748059988,2025-12-13 23:13:39.096610+00:00,since_open,0.5579372367670279
14279,1475,5225,1.725000023841858,-0.2890170622255947,2025-12-13 23:13:39.096610+00:00,1h,0.5579372367670279
14280,1475,5225,1.725000023841858,-0.2890170622255947,2025-12-13 23:13:39.096610+00:00,4h,0.5579372367670279
14281,1475,5225,1.7300000190734863,0.0,2025-12-13 23:13:39.096610+00:00,EOD,0.5579372367670279
14282,9,5486,175.02000427246094,-3.4425634025602205,2025-12-13 23:26:33.280313+00:00,since_open,0.7527036121531087
14283,9,5486,174.99000549316406,-0.017140200299718113,2025-12-13 23:26:33.280313+00:00,1h,0.7527036121531087
14284,9,5486,174.99000549316406,-0.017140200299718113,2025-12-13 23:26:33.280313+00:00,4h,0.7527036121531087
14285,9,5486,175.02000427246094,0.0,2025-12-13 23:26:33.280313+00:00,EOD,0.7527036121531087
14286,371,5643,224.77999877929688,-3.55273271519502,2025-12-13 23:36:29.558439+00:00,since_open,1.1827749144837425
14287,371,5643,224.69000244140625,-0.040037520410785774,2025-12-13 23:36:29.558439+00:00,1h,1.1827749144837425
14288,371,5643,224.69000244140625,-0.040037520410785774,2025-12-13 23:36:29.558439+00:00,4h,1.1827749144837425
14289,371,5643,224.77999877929688,0.0,2025-12-13 23:36:29.558439+00:00,EOD,1.1827749144837425
14290,1029,5800,186.00999450683594,-0.7946695963541667,2025-12-13 23:49:22.427556+00:00,since_open,0.9105044134076874
14291,1029,5800,185.9199981689453,-0.04838252811588444,2025-12-13 23:49:22.427556+00:00,1h,0.9105044134076874
14292,1029,5800,185.9199981689453,-0.04838252811588444,2025-12-13 23:49:22.427556+00:00,4h,0.9105044134076874
14293,1029,5800,186.00999450683594,0.0,2025-12-13 23:49:22.427556+00:00,EOD,0.9105044134076874
14294,2,6269,310.5199890136719,-1.3627294489347979,2025-12-14 00:26:01.701460+00:00,since_open,0.6923591309860112
14295,2,6269,310.510009765625,-0.0032137216282187952,2025-12-14 00:26:01.701460+00:00,1h,0.6923591309860112
14296,2,6269,310.510009765625,-0.0032137216282187952,2025-12-14 00:26:01.701460+00:00,4h,0.6923591309860112
14297,2,6269,310.5199890136719,0.0,2025-12-14 00:26:01.701460+00:00,EOD,0.6923591309860112
14298,38,6377,39.95000076293945,-2.059328594592239,2025-12-14 01:32:51.236769+00:00,since_open,0.959779205968703
14299,38,6377,39.94499969482422,-0.012518317946751411,2025-12-14 01:32:51.236769+00:00,1h,0.959779205968703
14300,38,6377,39.94499969482422,-0.012518317946751411,2025-12-14 01:32:51.236769+00:00,4h,0.959779205968703
14301,38,6377,39.95000076293945,0.0,2025-12-14 01:32:51.236769+00:00,EOD,0.959779205968703
14306,1476,6380,3445.7099609375,-1.1211631159186304,2025-12-14 01:32:53.712961+00:00,since_open,1.0857260877021506
14307,1476,6380,3445.0,-0.02060419900538685,2025-12-14 01:32:53.712961+00:00,1h,1.0857260877021506
14308,1476,6380,3445.0,-0.02060419900538685,2025-12-14 01:32:53.712961+00:00,4h,1.0857260877021506
14309,1476,6380,3445.7099609375,0.0,2025-12-14 01:32:53.712961+00:00,EOD,1.0857260877021506
14314,253,6399,226.19000244140625,-1.6650733674963387,2025-12-14 01:32:56.189953+00:00,since_open,0.6603861928847993
14315,253,6399,226.19000244140625,0.0,2025-12-14 01:32:56.189953+00:00,1h,0.6603861928847993
14316,253,6399,226.19000244140625,0.0,2025-12-14 01:32:56.189953+00:00,4h,0.6603861928847993
14317,253,6399,226.19000244140625,0.0,2025-12-14 01:32:56.189953+00:00,EOD,0.6603861928847993
14302,1107,6379,40.130001068115234,-7.406550699518129,2025-12-14 01:32:52.449406+00:00,since_open,0.896612238760386
14303,1107,6379,40.13999938964844,0.024914829970306578,2025-12-14 01:32:52.449406+00:00,1h,0.896612238760386
14304,1107,6379,40.13999938964844,0.024914829970306578,2025-12-14 01:32:52.449406+00:00,4h,0.896612238760386
14305,1107,6379,40.130001068115234,0.0,2025-12-14 01:32:52.449406+00:00,EOD,0.896612238760386
14310,128,6381,865.0599975585938,-0.26862392355163683,2025-12-14 01:32:54.945381+00:00,since_open,0.9156842973022268
14311,128,6381,865.0399780273438,-0.0023142361577809523,2025-12-14 01:32:54.945381+00:00,1h,0.9156842973022268
14312,128,6381,865.0399780273438,-0.0023142361577809523,2025-12-14 01:32:54.945381+00:00,4h,0.9156842973022268
14313,128,6381,865.0599975585938,0.0,2025-12-14 01:32:54.945381+00:00,EOD,0.9156842973022268
14318,253,6637,226.19000244140625,-1.6650733674963387,2025-12-14 01:54:11.877572+00:00,since_open,0.6603861928847993
14319,253,6637,226.19000244140625,0.0,2025-12-14 01:54:11.877572+00:00,1h,0.6603861928847993
14320,253,6637,226.19000244140625,0.0,2025-12-14 01:54:11.877572+00:00,4h,0.6603861928847993
14321,253,6637,226.19000244140625,0.0,2025-12-14 01:54:11.877572+00:00,EOD,0.6603861928847993
14322,53,6838,309.2900085449219,-1.412084871396113,2025-12-14 02:09:51.351329+00:00,since_open,0.5801675835480051
14323,53,6838,309.2349853515625,-0.017790161931914888,2025-12-14 02:09:51.351329+00:00,1h,0.5801675835480051
14324,53,6838,309.2349853515625,-0.017790161931914888,2025-12-14 02:09:51.351329+00:00,4h,0.5801675835480051
14325,53,6838,309.2900085449219,0.0,2025-12-14 02:09:51.351329+00:00,EOD,0.5801675835480051
14326,20,6986,95.19000244140625,-0.32982024089890816,2025-12-14 02:24:52.732218+00:00,since_open,0.7894147733328288
14327,20,6986,95.20500183105469,0.015757316171590922,2025-12-14 02:24:52.732218+00:00,1h,0.7894147733328288
14328,20,6986,95.20500183105469,0.015757316171590922,2025-12-14 02:24:52.732218+00:00,4h,0.7894147733328288
14329,20,6986,95.19000244140625,0.0,2025-12-14 02:24:52.732218+00:00,EOD,0.7894147733328288
14330,71,7081,204.97000122070312,0.10500174978075574,2025-12-14 02:33:21.118384+00:00,since_open,3.384970635911148
14331,71,7081,205.0850067138672,0.056108451226591645,2025-12-14 02:33:21.118384+00:00,1h,3.384970635911148
14332,71,7081,205.0850067138672,0.056108451226591645,2025-12-14 02:33:21.118384+00:00,4h,3.384970635911148
14333,71,7081,204.97000122070312,0.0,2025-12-14 02:33:21.118384+00:00,EOD,3.384970635911148
14334,401,7180,204.3800048828125,1.0781443953870764,2025-12-14 02:41:41.124946+00:00,since_open,0.7061356586496361
14335,401,7180,204.39999389648438,0.009780317640826122,2025-12-14 02:41:41.124946+00:00,1h,0.7061356586496361
14336,401,7180,204.39999389648438,0.009780317640826122,2025-12-14 02:41:41.124946+00:00,4h,0.7061356586496361
14337,401,7180,204.3800048828125,0.0,2025-12-14 02:41:41.124946+00:00,EOD,0.7061356586496361
14338,156,7381,24.579999923706055,0.7790099992304915,2025-12-14 03:07:56.089759+00:00,since_open,0.8882732923444103
14339,156,7381,24.575000762939453,-0.02033832702245108,2025-12-14 03:07:56.089759+00:00,1h,0.8882732923444103
14340,156,7381,24.575000762939453,-0.02033832702245108,2025-12-14 03:07:56.089759+00:00,4h,0.8882732923444103
14341,156,7381,24.579999923706055,0.0,2025-12-14 03:07:56.089759+00:00,EOD,0.8882732923444103
14342,84,7482,111.5999984741211,-0.11635628650004182,2025-12-14 03:16:10.666763+00:00,since_open,1.1134021487757135
14343,84,7482,111.55000305175781,-0.04479876617101807,2025-12-14 03:16:10.666763+00:00,1h,1.1134021487757135
14344,84,7482,111.55000305175781,-0.04479876617101807,2025-12-14 03:16:10.666763+00:00,4h,1.1134021487757135
14345,84,7482,111.5999984741211,0.0,2025-12-14 03:16:10.666763+00:00,EOD,1.1134021487757135
14346,162,7933,77.80000305175781,-2.0767702452641577,2025-12-14 04:01:25.606692+00:00,since_open,0.8308523843115582
14347,162,7933,77.81500244140625,0.019279420385702163,2025-12-14 04:01:25.606692+00:00,1h,0.8308523843115582
14348,162,7933,77.81500244140625,0.019279420385702163,2025-12-14 04:01:25.606692+00:00,4h,0.8308523843115582
14349,162,7933,77.80000305175781,0.0,2025-12-14 04:01:25.606692+00:00,EOD,0.8308523843115582
13834,143,3608,1027.510009765625,1.8587176155363623,2025-12-13 20:01:00.139804+00:00,since_open,0.7714714250335575
13835,143,3608,1027.760009765625,0.024330663217288266,2025-12-13 20:01:00.139804+00:00,1h,0.7714714250335575
13836,143,3608,1027.760009765625,0.024330663217288266,2025-12-13 20:01:00.139804+00:00,4h,0.7714714250335575
13837,143,3608,1027.510009765625,0.0,2025-12-13 20:01:00.139804+00:00,EOD,0.7714714250335575
13838,995,3609,36.380001068115234,-1.9406938965458171,2025-12-13 20:01:01.250954+00:00,since_open,0.8975787516580747
13839,995,3609,36.38999938964844,0.027483016051822004,2025-12-13 20:01:01.250954+00:00,1h,0.8975787516580747
13840,995,3609,36.38999938964844,0.027483016051822004,2025-12-13 20:01:01.250954+00:00,4h,0.8975787516580747
13841,995,3609,36.380001068115234,0.0,2025-12-13 20:01:01.250954+00:00,EOD,0.8975787516580747
13842,253,3610,226.19000244140625,-1.6650733674963387,2025-12-13 20:01:02.423607+00:00,since_open,0.6603861928847993
13843,253,3610,226.19000244140625,0.0,2025-12-13 20:01:02.423607+00:00,1h,0.6603861928847993
13844,253,3610,226.19000244140625,0.0,2025-12-13 20:01:02.423607+00:00,4h,0.6603861928847993
13845,253,3610,226.19000244140625,0.0,2025-12-13 20:01:02.423607+00:00,EOD,0.6603861928847993
13846,14,3611,64.75,1.792170065571293,2025-12-13 20:01:03.611469+00:00,since_open,0.7209082525116671
13847,14,3611,64.75499725341797,0.007717765896476834,2025-12-13 20:01:03.611469+00:00,1h,0.7209082525116671
13848,14,3611,64.75499725341797,0.007717765896476834,2025-12-13 20:01:03.611469+00:00,4h,0.7209082525116671
13849,14,3611,64.75,0.0,2025-12-13 20:01:03.611469+00:00,EOD,0.7209082525116671
13850,46,3612,183.57000732421875,-1.205527293367859,2025-12-13 20:01:04.882471+00:00,since_open,0.9870637074022924
13851,46,3612,183.57000732421875,0.0,2025-12-13 20:01:04.882471+00:00,1h,0.9870637074022924
13852,46,3612,183.57000732421875,0.0,2025-12-13 20:01:04.882471+00:00,4h,0.9870637074022924
13853,46,3612,183.57000732421875,0.0,2025-12-13 20:01:04.882471+00:00,EOD,0.9870637074022924
13854,717,3613,17.420000076293945,-3.4368115729958357,2025-12-13 20:01:06.195203+00:00,since_open,0.7518089130721789
13855,717,3613,17.43000030517578,0.057406594937073376,2025-12-13 20:01:06.195203+00:00,1h,0.7518089130721789
13856,717,3613,17.43000030517578,0.057406594937073376,2025-12-13 20:01:06.195203+00:00,4h,0.7518089130721789
13857,717,3613,17.420000076293945,0.0,2025-12-13 20:01:06.195203+00:00,EOD,0.7518089130721789
